Name,Aadhaar Number,Address,Date of Birth
Sarah Jones,9.84142E+11,"896 Lane, Mumbai",06-11-1962
Emily Smith,1.66104E+11,"796 Avenue, Mumbai",06-04-1982
Jane Smith,55769870502,"950 Lane, Delhi",13-06-1952
Sarah Jones,6.61459E+11,"957 Avenue, Delhi",18-02-1983
Jane Williams,92132907356,"390 Road, Chennai",25-12-2003
Alex Johnson,7.16951E+11,"292 Road, Chennai",24-01-1971
Alex Jones,4.85626E+11,"108 Road, Kolkata",22-06-1997
Emily Johnson,8.18085E+11,"146 Avenue, Chennai",06-03-1974
John Jones,2.47748E+11,"216 Avenue, Delhi",13-02-1989
Alex Doe,9.68757E+11,"724 Street, Delhi",14-10-1957
Alex Smith,1.01157E+11,"574 Lane, Kolkata",07-02-1952
Jane Williams,7.91801E+11,"201 Street, Mumbai",01-02-1995
Sarah Smith,8.67779E+11,"427 Lane, Bangalore",06-07-1966
Michael Johnson,8.56022E+11,"808 Road, Mumbai",06-09-1974
Sarah Williams,6.06975E+11,"882 Avenue, Bangalore",08-06-1988
John Jones,4.65503E+11,"767 Avenue, Delhi",03-06-1970
Sarah Williams,7.5603E+11,"893 Avenue, Kolkata",26-01-1961
John Doe,8.64064E+11,"279 Avenue, Kolkata",09-04-1978
Emily Johnson,595850689,"142 Road, Bangalore",15-11-2003
Emily Brown,3.64263E+11,"384 Lane, Kolkata",14-07-1974
Jane Doe,7.76609E+11,"913 Road, Delhi",06-11-1991
Michael Johnson,4.88932E+11,"78 Avenue, Delhi",22-07-1977
Michael Brown,1.03419E+11,"833 Avenue, Kolkata",25-07-1975
Alex Brown,4.60275E+11,"880 Road, Mumbai",16-06-1978
Michael Williams,6.2326E+11,"722 Street, Chennai",12-03-1984
Sarah Johnson,7.93044E+11,"202 Avenue, Delhi",27-07-1975
Jane Brown,8.22808E+11,"280 Street, Kolkata",20-11-1978
Jane Smith,4.98426E+11,"285 Lane, Mumbai",26-02-1996
Michael Smith,2.15356E+11,"899 Lane, Delhi",29-04-1952
Alex Jones,3.45906E+11,"498 Lane, Mumbai",20-06-1989
Emily Doe,23952237314,"614 Street, Mumbai",21-03-1993
John Smith,8.61764E+11,"953 Road, Chennai",21-05-1962
Emily Smith,8.86573E+11,"23 Lane, Delhi",13-07-2002
John Smith,6.89813E+11,"911 Street, Mumbai",24-08-1967
Michael Doe,55192549578,"631 Road, Chennai",23-09-1996
Emily Doe,1.08014E+11,"408 Road, Chennai",17-11-1985
Alex Williams,7.29393E+11,"666 Street, Bangalore",08-09-1969
John Williams,2.46364E+11,"959 Lane, Mumbai",25-11-1997
John Johnson,5.03601E+11,"451 Avenue, Delhi",08-03-1974
Sarah Johnson,9.93889E+11,"270 Avenue, Mumbai",29-06-1979
Sarah Johnson,5.71485E+11,"506 Street, Chennai",11-04-1987
Michael Doe,3.83246E+11,"376 Road, Chennai",30-05-1983
Alex Williams,4.47304E+11,"444 Avenue, Chennai",23-12-1959
Alex Doe,8.44921E+11,"833 Lane, Bangalore",18-06-1952
Jane Smith,2.77338E+11,"458 Street, Chennai",09-06-1992
Michael Doe,5.48644E+11,"565 Avenue, Kolkata",26-09-1962
Alex Smith,44030735439,"813 Avenue, Kolkata",21-12-1966
Emily Johnson,3.29266E+11,"797 Lane, Kolkata",21-09-1969
Emily Williams,70338832058,"638 Road, Chennai",30-08-1984
Sarah Johnson,3.2122E+11,"699 Road, Mumbai",31-05-1972
Alex Williams,7.69686E+11,"307 Street, Kolkata",21-07-1970
Jane Doe,2.69209E+11,"956 Avenue, Chennai",03-03-1987
Alex Smith,4.90951E+11,"335 Road, Bangalore",02-02-1971
Michael Smith,4.28014E+11,"396 Road, Chennai",24-06-1959
Sarah Brown,38991143335,"714 Avenue, Kolkata",07-08-1960
John Williams,3.90601E+11,"970 Avenue, Kolkata",11-09-1962
Sarah Jones,80412586339,"491 Street, Delhi",14-04-1957
Sarah Smith,3.85981E+11,"819 Street, Mumbai",08-05-1977
Michael Williams,3.51774E+11,"71 Road, Delhi",07-02-1993
Michael Johnson,8.17494E+11,"357 Road, Mumbai",11-10-1999
Alex Smith,8.56141E+11,"219 Avenue, Kolkata",03-12-1977
Michael Smith,9.61513E+11,"426 Road, Kolkata",06-02-1960
John Brown,6.45204E+11,"777 Avenue, Mumbai",25-06-1982
John Smith,6.1962E+11,"741 Lane, Kolkata",01-11-1985
Michael Jones,2.46111E+11,"879 Lane, Kolkata",22-07-1980
Emily Johnson,1.39674E+11,"662 Road, Delhi",23-07-1952
Emily Johnson,8.71165E+11,"321 Road, Chennai",23-08-1959
Jane Williams,1.12035E+11,"963 Street, Bangalore",30-05-1963
Sarah Johnson,4.98567E+11,"773 Lane, Delhi",26-01-2001
Michael Johnson,4.74564E+11,"267 Lane, Delhi",28-06-2002
Emily Brown,3.21909E+11,"144 Avenue, Mumbai",28-10-1991
Michael Williams,4.98465E+11,"639 Road, Bangalore",07-01-1966
Emily Williams,8.32779E+11,"353 Road, Kolkata",31-12-1960
Michael Jones,6.7612E+11,"579 Avenue, Mumbai",26-04-1986
Alex Smith,6.30284E+11,"134 Street, Delhi",09-02-2000
Michael Doe,6.28319E+11,"212 Road, Bangalore",25-08-1963
John Smith,5.15677E+11,"433 Lane, Bangalore",06-03-1955
Michael Jones,2.77954E+11,"647 Road, Delhi",17-06-1995
John Brown,2.33188E+11,"751 Lane, Chennai",22-11-1975
Jane Williams,5.39226E+11,"465 Street, Chennai",08-05-1987
Michael Brown,44694208602,"245 Street, Delhi",01-07-1991
John Johnson,9.80366E+11,"721 Street, Delhi",10-08-1996
Alex Brown,9.67837E+11,"999 Lane, Bangalore",22-07-1964
Michael Johnson,1.85609E+11,"890 Avenue, Delhi",26-03-1980
Michael Doe,6.38608E+11,"8 Avenue, Chennai",26-09-1991
Jane Brown,7.67397E+11,"302 Street, Delhi",15-09-2002
Sarah Williams,7.57957E+11,"889 Street, Delhi",06-03-1978
Alex Jones,27063471632,"356 Road, Chennai",16-08-1972
Jane Brown,2.41187E+11,"156 Road, Mumbai",21-01-1969
Alex Smith,9.42299E+11,"307 Road, Delhi",09-04-1970
Emily Brown,3.7199E+11,"466 Road, Bangalore",16-08-1950
Emily Doe,61508034117,"231 Avenue, Delhi",10-12-1952
Alex Johnson,6.07606E+11,"239 Avenue, Kolkata",30-11-1991
Emily Doe,4.77722E+11,"94 Avenue, Bangalore",01-09-2000
Jane Doe,6.61544E+11,"177 Avenue, Bangalore",24-09-1961
Emily Smith,10134412020,"135 Street, Kolkata",31-12-1962
Emily Brown,5.03994E+11,"681 Avenue, Delhi",25-05-1973
Emily Williams,1.99177E+11,"154 Avenue, Kolkata",17-02-1961
Michael Smith,4.74154E+11,"236 Lane, Chennai",23-06-1971
Emily Jones,4.55557E+11,"240 Street, Bangalore",04-04-1972
Emily Doe,6.55786E+11,"293 Avenue, Delhi",11-11-1961
John Johnson,4.73124E+11,"56 Avenue, Delhi",03-10-1959
Alex Johnson,2.66136E+11,"66 Lane, Mumbai",23-05-1968
Emily Brown,2.96252E+11,"318 Avenue, Chennai",28-11-1985
Emily Williams,6.53512E+11,"682 Road, Chennai",05-10-1988
Emily Doe,43174795909,"351 Lane, Chennai",29-01-1974
Emily Johnson,8.73428E+11,"650 Road, Chennai",08-04-2000
Sarah Johnson,1.3906E+11,"897 Road, Bangalore",04-03-1965
Alex Williams,1.81256E+11,"859 Street, Chennai",23-02-1968
Jane Johnson,4.46839E+11,"659 Lane, Delhi",07-12-1975
Sarah Brown,7.36928E+11,"981 Avenue, Kolkata",21-11-1950
Emily Smith,5.14852E+11,"363 Street, Mumbai",21-02-1958
John Jones,82997021360,"104 Avenue, Chennai",28-12-1974
John Brown,5.13296E+11,"993 Avenue, Mumbai",05-06-1996
Michael Smith,4.65567E+11,"882 Lane, Chennai",15-06-1980
Michael Jones,5.03981E+11,"164 Road, Bangalore",07-11-1967
Sarah Jones,2.04991E+11,"106 Street, Delhi",26-03-1976
Sarah Williams,5.46007E+11,"654 Road, Chennai",07-08-1966
Sarah Doe,7.26277E+11,"954 Avenue, Delhi",10-10-1984
Sarah Brown,4.85871E+11,"308 Street, Kolkata",25-03-1986
Sarah Doe,1.58296E+11,"537 Lane, Bangalore",02-11-2003
Alex Brown,6.07853E+11,"231 Street, Kolkata",14-08-1977
Alex Jones,7.24817E+11,"549 Avenue, Delhi",28-01-1973
Sarah Doe,9.79583E+11,"20 Road, Bangalore",28-03-1990
Emily Williams,61486902970,"534 Road, Kolkata",15-12-1991
Sarah Johnson,10586390444,"527 Street, Mumbai",03-02-1961
Jane Smith,4.54986E+11,"424 Street, Kolkata",09-01-1982
Alex Doe,7.18714E+11,"592 Avenue, Chennai",22-06-1967
Alex Williams,7.83625E+11,"141 Avenue, Bangalore",13-09-1997
Emily Williams,8.30837E+11,"333 Lane, Delhi",11-09-1998
Michael Williams,7.21992E+11,"496 Lane, Kolkata",05-01-1980
Emily Doe,9.53624E+11,"729 Lane, Delhi",07-05-1973
John Smith,7.99364E+11,"27 Road, Kolkata",10-03-1960
Jane Johnson,8.81201E+11,"698 Lane, Chennai",29-02-1960
Sarah Williams,7.10403E+11,"184 Lane, Kolkata",08-01-1985
Michael Smith,9.94668E+11,"20 Road, Chennai",27-12-1998
Michael Doe,7.08924E+11,"839 Avenue, Chennai",15-07-1992
Jane Jones,5.30447E+11,"294 Street, Delhi",12-03-1954
Michael Johnson,8.61699E+11,"146 Road, Mumbai",15-04-1981
John Brown,20942677591,"535 Avenue, Chennai",07-10-1965
Michael Williams,9.49506E+11,"888 Avenue, Mumbai",12-06-1951
Michael Jones,6.01668E+11,"463 Street, Kolkata",02-05-1972
Jane Jones,8.12607E+11,"325 Road, Chennai",24-10-1984
Sarah Johnson,5.39384E+11,"145 Street, Kolkata",10-11-1971
Emily Smith,1.18495E+11,"411 Street, Kolkata",26-12-1991
Michael Jones,9.36613E+11,"176 Lane, Chennai",10-10-1986
Michael Smith,27709764800,"997 Street, Bangalore",30-08-1974
Emily Doe,4.56098E+11,"805 Lane, Delhi",15-09-1975
Emily Doe,3.34844E+11,"349 Street, Bangalore",19-07-2002
Jane Doe,3.84269E+11,"624 Avenue, Mumbai",24-03-1981
Sarah Smith,8.11231E+11,"481 Lane, Chennai",08-10-2001
Sarah Williams,7.16468E+11,"73 Street, Mumbai",25-03-1972
Jane Jones,6.31283E+11,"569 Avenue, Chennai",17-04-2001
Jane Johnson,44245168653,"818 Street, Kolkata",06-05-1994
Emily Johnson,8.14239E+11,"617 Lane, Kolkata",23-06-1994
Emily Williams,9.02988E+11,"901 Street, Kolkata",18-09-1976
Jane Smith,9.6821E+11,"563 Street, Mumbai",24-07-1955
Michael Brown,7.13205E+11,"73 Lane, Chennai",12-02-1990
Alex Brown,98616608750,"508 Avenue, Bangalore",06-06-1989
Sarah Williams,1.30536E+11,"314 Street, Chennai",26-07-1980
John Doe,3.25617E+11,"56 Street, Mumbai",23-03-1951
Michael Jones,5.32591E+11,"336 Avenue, Delhi",23-12-1992
Jane Smith,5.0894E+11,"242 Street, Kolkata",26-10-1972
Sarah Smith,1.47035E+11,"707 Street, Bangalore",16-06-1966
Emily Brown,8.74038E+11,"307 Lane, Delhi",28-07-1988
Michael Jones,7.50666E+11,"811 Avenue, Kolkata",08-10-1978
Alex Johnson,1.69186E+11,"691 Avenue, Delhi",31-07-1995
John Johnson,5.9659E+11,"550 Avenue, Mumbai",26-01-1984
Michael Johnson,6.43297E+11,"162 Road, Kolkata",03-02-1978
Sarah Brown,7.47544E+11,"734 Street, Bangalore",02-01-2000
Jane Williams,8.16928E+11,"173 Avenue, Mumbai",19-10-1961
Sarah Jones,9.51977E+11,"428 Street, Bangalore",03-04-1994
Alex Williams,7.23165E+11,"631 Street, Bangalore",08-10-1987
Emily Smith,32300267524,"19 Street, Mumbai",12-05-1998
Alex Doe,3.47309E+11,"436 Lane, Delhi",17-07-1985
Emily Doe,7.02614E+11,"919 Avenue, Bangalore",06-05-2003
Emily Doe,1.86453E+11,"375 Road, Delhi",10-10-2000
Alex Smith,5.13233E+11,"478 Street, Mumbai",05-04-1950
Jane Smith,2.34195E+11,"902 Road, Mumbai",22-08-1981
Emily Johnson,4.09829E+11,"6 Road, Mumbai",22-05-2002
Alex Doe,5.35265E+11,"445 Lane, Delhi",22-07-1982
Michael Jones,3.81316E+11,"602 Road, Delhi",22-12-2003
Sarah Doe,1.90595E+11,"883 Avenue, Chennai",28-07-1996
Emily Johnson,6.71241E+11,"587 Road, Mumbai",10-11-1962
Alex Brown,4.10998E+11,"527 Lane, Bangalore",18-11-1995
Michael Johnson,5.35084E+11,"670 Lane, Chennai",05-06-1989
Michael Jones,73496228342,"347 Avenue, Bangalore",24-10-1980
John Jones,2.78526E+11,"659 Street, Bangalore",19-09-1981
Sarah Jones,6.07346E+11,"74 Lane, Bangalore",10-03-1979
Jane Doe,5.96953E+11,"807 Road, Kolkata",15-05-1982
Michael Smith,6.98487E+11,"806 Avenue, Mumbai",23-08-1992
Jane Jones,1.47884E+11,"682 Lane, Chennai",23-04-1957
Sarah Jones,7.41246E+11,"98 Street, Chennai",23-04-1999
Emily Smith,1.16299E+11,"102 Street, Bangalore",21-03-1992
Alex Jones,1.56361E+11,"462 Street, Mumbai",17-10-1953
Michael Doe,2.11908E+11,"757 Lane, Kolkata",01-01-1964
Michael Doe,2.18965E+11,"288 Lane, Bangalore",04-05-1989
Jane Brown,1.5072E+11,"182 Street, Mumbai",20-01-1963
John Doe,7.95001E+11,"551 Road, Kolkata",27-12-1999
Emily Doe,2.38781E+11,"996 Street, Kolkata",10-05-1974
Emily Jones,47310712793,"595 Lane, Mumbai",26-12-1972
John Williams,4.88058E+11,"514 Road, Mumbai",08-05-1954
Jane Brown,4.3908E+11,"798 Lane, Chennai",05-04-1969
Emily Smith,3.48781E+11,"360 Street, Kolkata",29-09-1955
Alex Brown,8.54068E+11,"986 Road, Kolkata",08-03-1987
Alex Brown,28242849565,"653 Road, Kolkata",15-09-1994
Jane Smith,1.78093E+11,"938 Lane, Delhi",22-07-1959
Michael Jones,4.57573E+11,"435 Avenue, Kolkata",18-03-1968
John Doe,9.43752E+11,"737 Street, Mumbai",30-03-1961
Michael Johnson,6.51348E+11,"118 Street, Bangalore",10-03-1970
Alex Jones,1.23753E+11,"707 Lane, Kolkata",17-10-1958
Alex Williams,4.73095E+11,"479 Avenue, Chennai",13-01-1963
Emily Smith,5.90138E+11,"777 Lane, Mumbai",01-08-1997
John Doe,5.70924E+11,"561 Avenue, Mumbai",22-02-1991
Alex Smith,4.35289E+11,"476 Road, Delhi",26-11-1970
John Smith,2.64497E+11,"419 Road, Chennai",01-11-1967
Jane Smith,3.117E+11,"440 Road, Chennai",28-07-1956
Michael Williams,63355172507,"257 Street, Mumbai",20-01-1987
Michael Jones,2.55548E+11,"274 Street, Delhi",26-06-1974
Alex Doe,2.87223E+11,"353 Road, Bangalore",11-06-2000
Jane Doe,3.03279E+11,"706 Lane, Mumbai",01-11-1970
Sarah Johnson,1.97642E+11,"304 Avenue, Mumbai",28-06-1989
Sarah Jones,2.59393E+11,"529 Road, Chennai",21-06-1967
Sarah Jones,4.96434E+11,"421 Road, Mumbai",11-05-1982
Michael Johnson,9.75466E+11,"571 Avenue, Bangalore",13-05-1951
Michael Johnson,3.96637E+11,"783 Road, Mumbai",14-09-1968
Emily Brown,6.23271E+11,"658 Lane, Mumbai",09-12-1966
John Smith,2.89797E+11,"501 Lane, Bangalore",12-07-1982
Jane Williams,4.11089E+11,"126 Street, Mumbai",13-04-1980
Jane Williams,7.09063E+11,"140 Lane, Mumbai",07-12-1977
John Brown,67772388984,"605 Lane, Kolkata",21-04-1996
Sarah Jones,5.03163E+11,"339 Road, Delhi",02-02-1968
Jane Williams,2.2692E+11,"946 Lane, Delhi",20-03-1966
Sarah Smith,2.48572E+11,"562 Avenue, Bangalore",13-10-1987
Jane Smith,3.45773E+11,"71 Avenue, Mumbai",30-11-1962
Alex Jones,9.5226E+11,"604 Road, Mumbai",14-04-1987
Michael Brown,2.89809E+11,"486 Avenue, Delhi",17-11-1961
Emily Brown,6.07936E+11,"691 Avenue, Kolkata",12-08-1978
Michael Johnson,8.08537E+11,"537 Avenue, Chennai",23-12-1992
Alex Johnson,3.74465E+11,"62 Lane, Delhi",14-08-1977
Emily Brown,9.44716E+11,"838 Lane, Bangalore",17-08-1971
Emily Williams,3.50077E+11,"465 Avenue, Delhi",24-12-1985
Sarah Smith,8.45295E+11,"247 Street, Kolkata",30-07-1954
Alex Smith,9.52478E+11,"925 Street, Delhi",19-02-1995
John Brown,3.0104E+11,"626 Street, Kolkata",08-07-1952
Alex Brown,5.09247E+11,"788 Street, Bangalore",26-10-1960
Alex Williams,2.74941E+11,"421 Avenue, Bangalore",02-06-1952
Jane Jones,4.43592E+11,"535 Street, Bangalore",04-10-1955
Jane Johnson,1.76501E+11,"227 Lane, Delhi",08-01-1986
Sarah Johnson,8.74382E+11,"35 Lane, Kolkata",24-01-1996
Jane Williams,2.58972E+11,"527 Street, Delhi",03-02-1978
Michael Jones,6.43307E+11,"91 Street, Bangalore",09-02-1984
John Smith,4.78484E+11,"909 Street, Delhi",23-02-1995
Alex Smith,1.03031E+11,"388 Avenue, Mumbai",22-10-1982
Sarah Johnson,3.87698E+11,"866 Street, Delhi",21-11-1980
Alex Doe,5.24535E+11,"371 Street, Kolkata",11-05-1970
Emily Smith,1.60362E+11,"583 Avenue, Kolkata",17-09-2001
Alex Doe,5.67999E+11,"612 Street, Mumbai",16-02-1977
Michael Smith,51118918368,"493 Road, Chennai",03-11-1981
John Jones,7.14119E+11,"123 Street, Bangalore",11-01-1975
Jane Doe,9.00296E+11,"571 Lane, Delhi",07-01-1980
Michael Doe,77804406000,"104 Road, Kolkata",23-12-2003
Jane Smith,4.00929E+11,"46 Street, Bangalore",12-05-1952
Emily Doe,5.93626E+11,"862 Road, Bangalore",12-12-1993
Alex Jones,5.14542E+11,"97 Road, Delhi",27-06-1957
John Doe,1.58877E+11,"595 Lane, Bangalore",22-03-1997
Alex Johnson,7.966E+11,"933 Lane, Delhi",25-06-1992
Alex Doe,5.53451E+11,"29 Avenue, Kolkata",18-08-1955
Sarah Smith,1.99101E+11,"507 Avenue, Chennai",30-06-1996
John Jones,5.40364E+11,"667 Avenue, Bangalore",29-08-1991
Jane Smith,2.29784E+11,"888 Avenue, Kolkata",13-12-1974
Emily Jones,8.9471E+11,"54 Street, Chennai",03-07-1992
Michael Williams,8.01166E+11,"682 Street, Mumbai",22-09-1997
Emily Jones,8.9194E+11,"386 Road, Kolkata",19-06-1991
Emily Johnson,6.8735E+11,"971 Street, Chennai",14-08-1991
Sarah Brown,2.29993E+11,"385 Lane, Bangalore",12-08-1973
Michael Jones,7.72063E+11,"385 Road, Bangalore",18-11-1971
Alex Doe,8.21881E+11,"46 Road, Bangalore",09-06-1964
Alex Doe,7.31604E+11,"85 Lane, Delhi",16-04-1992
John Jones,1.50675E+11,"422 Lane, Chennai",08-09-1980
Sarah Brown,1.4555E+11,"352 Street, Chennai",18-04-1973
Alex Brown,3.59342E+11,"660 Lane, Chennai",07-10-1957
Michael Doe,1.20694E+11,"674 Lane, Kolkata",07-05-1990
Sarah Doe,9.86311E+11,"72 Road, Mumbai",26-11-1991
Sarah Doe,98655106462,"369 Avenue, Delhi",26-01-1981
Alex Jones,3.10674E+11,"937 Street, Delhi",25-10-1978
Emily Williams,8.79449E+11,"10 Road, Delhi",15-07-1991
Emily Williams,2.62956E+11,"583 Street, Chennai",08-09-1989
Sarah Brown,9.36859E+11,"45 Avenue, Bangalore",10-12-1974
Sarah Brown,6.1034E+11,"972 Road, Delhi",01-05-1973
Sarah Brown,9.69982E+11,"745 Road, Mumbai",12-08-1971
Alex Brown,3.01853E+11,"760 Road, Bangalore",04-03-1960
Emily Brown,5.72184E+11,"207 Street, Mumbai",19-06-1988
Sarah Williams,5.63437E+11,"834 Avenue, Bangalore",03-09-1981
Michael Williams,2.36536E+11,"644 Lane, Kolkata",08-08-1965
Michael Johnson,15515015360,"183 Avenue, Kolkata",31-12-1963
Jane Johnson,2.2014E+11,"30 Avenue, Delhi",08-08-1988
Sarah Williams,7.44158E+11,"562 Street, Mumbai",14-10-1987
Alex Johnson,5.62562E+11,"916 Road, Chennai",06-04-1966
Sarah Brown,3.35936E+11,"94 Lane, Bangalore",15-07-1997
Sarah Johnson,3.01913E+11,"786 Street, Mumbai",23-10-1969
Alex Johnson,5.71662E+11,"38 Avenue, Mumbai",25-04-1989
Emily Williams,2.97965E+11,"72 Street, Bangalore",18-06-1987
Michael Brown,41754805919,"197 Road, Chennai",13-08-1969
Michael Jones,4.57522E+11,"938 Avenue, Chennai",04-12-1983
John Brown,52608978889,"143 Road, Chennai",02-02-1989
Emily Johnson,5.84502E+11,"256 Street, Kolkata",27-12-1987
Emily Smith,5.50666E+11,"184 Road, Bangalore",29-03-1969
Sarah Jones,8.22607E+11,"80 Road, Chennai",17-12-1958
Jane Williams,5.00622E+11,"376 Avenue, Chennai",19-03-1953
Emily Brown,8.71329E+11,"356 Road, Chennai",28-02-1974
Jane Johnson,8.42233E+11,"494 Street, Delhi",28-03-1975
Michael Doe,10525813908,"843 Lane, Mumbai",26-06-1953
Alex Williams,9.02494E+11,"163 Lane, Kolkata",18-10-1994
Emily Brown,86943206104,"604 Road, Kolkata",29-10-1968
Michael Johnson,13781575283,"451 Road, Bangalore",12-08-1994
Alex Johnson,1.75627E+11,"480 Street, Mumbai",25-07-1963
Sarah Doe,68833996387,"14 Road, Delhi",31-10-1982
Alex Smith,6.14031E+11,"741 Avenue, Bangalore",01-11-1990
John Johnson,6.23494E+11,"228 Road, Bangalore",11-08-1967
Sarah Doe,7.20579E+11,"170 Lane, Bangalore",16-03-1986
Sarah Doe,2.82518E+11,"168 Road, Bangalore",16-11-1998
Sarah Jones,4.33754E+11,"806 Road, Bangalore",08-07-1965
John Doe,4.98984E+11,"481 Street, Delhi",11-12-1967
Michael Brown,4.04805E+11,"523 Road, Delhi",17-01-2002
Emily Williams,4.22684E+11,"6 Street, Kolkata",31-10-1970
Alex Williams,4.2534E+11,"271 Avenue, Mumbai",27-03-1991
Sarah Brown,5.32245E+11,"924 Avenue, Chennai",08-05-1971
Sarah Brown,2.62768E+11,"785 Lane, Chennai",31-07-2000
Alex Brown,9.72523E+11,"441 Avenue, Chennai",22-08-1976
Sarah Jones,8.62274E+11,"993 Street, Mumbai",01-11-1957
Sarah Brown,6.98361E+11,"509 Road, Mumbai",30-03-1958
John Smith,4.95661E+11,"52 Lane, Kolkata",29-12-1966
Sarah Doe,5.90419E+11,"156 Road, Mumbai",15-03-1969
Sarah Brown,7.39851E+11,"320 Street, Bangalore",17-07-1952
John Jones,4.50733E+11,"898 Street, Delhi",16-09-1961
John Brown,8.26572E+11,"2 Lane, Chennai",05-04-1984
John Williams,1.41689E+11,"42 Avenue, Chennai",30-05-1983
Michael Doe,1.55734E+11,"251 Avenue, Mumbai",24-04-1983
Emily Smith,3.8551E+11,"269 Road, Kolkata",07-10-1975
Jane Johnson,9.82246E+11,"153 Street, Mumbai",15-02-2002
Jane Williams,3.23268E+11,"93 Avenue, Bangalore",17-03-1990
Emily Brown,8.52192E+11,"150 Street, Chennai",06-08-1961
John Williams,6.09402E+11,"428 Street, Bangalore",18-01-1968
Michael Brown,4.06614E+11,"148 Avenue, Bangalore",24-12-1977
Emily Doe,5.37136E+11,"277 Road, Delhi",18-07-2000
Jane Smith,5.00798E+11,"618 Avenue, Delhi",30-08-1951
Emily Doe,3.97062E+11,"63 Road, Bangalore",11-05-1993
Emily Doe,2.34856E+11,"521 Road, Delhi",04-09-1976
Michael Williams,9.64942E+11,"806 Lane, Bangalore",26-02-1994
Michael Brown,9.01103E+11,"770 Lane, Delhi",27-09-1998
Emily Jones,8.29578E+11,"149 Lane, Kolkata",19-02-2001
Michael Williams,5.85369E+11,"460 Avenue, Bangalore",04-02-1985
Sarah Jones,8.12815E+11,"477 Road, Bangalore",26-03-1989
Sarah Williams,7.563E+11,"608 Street, Bangalore",26-12-1992
Alex Brown,54623275749,"539 Road, Kolkata",29-07-1997
Emily Johnson,4.70781E+11,"14 Avenue, Bangalore",23-06-2000
Jane Williams,78632227452,"221 Avenue, Bangalore",16-04-1971
Emily Williams,8.68927E+11,"278 Street, Kolkata",25-09-1967
Michael Williams,8.17968E+11,"761 Street, Kolkata",08-05-1967
John Jones,2.09993E+11,"164 Road, Bangalore",01-05-1968
Alex Smith,5.75996E+11,"137 Lane, Mumbai",09-03-1962
Alex Johnson,1.79459E+11,"665 Avenue, Bangalore",22-04-1986
John Williams,4.35327E+11,"82 Street, Chennai",16-06-1984
John Smith,1.03362E+11,"871 Road, Bangalore",27-09-1982
John Jones,6.39137E+11,"914 Street, Chennai",23-04-1962
John Williams,1.39858E+11,"217 Road, Delhi",17-01-1977
Alex Doe,94191398794,"65 Street, Bangalore",12-06-1974
Emily Jones,96055796439,"840 Avenue, Kolkata",25-08-1961
John Jones,5.81979E+11,"258 Avenue, Delhi",12-08-1959
John Williams,3.96273E+11,"278 Street, Kolkata",27-05-1995
Michael Brown,8.25938E+11,"556 Avenue, Kolkata",07-02-1957
Emily Johnson,3.28182E+11,"508 Road, Kolkata",15-09-1983
Jane Doe,26582228945,"48 Avenue, Delhi",24-05-1989
Alex Williams,2.33582E+11,"617 Street, Mumbai",05-05-1973
Alex Brown,3.0728E+11,"498 Avenue, Mumbai",08-09-1983
John Jones,6.65852E+11,"214 Lane, Chennai",27-11-1967
Michael Jones,4.3171E+11,"352 Lane, Kolkata",23-05-1972
Jane Doe,5.35888E+11,"547 Road, Kolkata",14-02-1998
John Smith,8.97334E+11,"324 Street, Chennai",05-09-1951
Michael Jones,1.79812E+11,"167 Avenue, Kolkata",07-08-1975
Alex Doe,1.76414E+11,"51 Lane, Kolkata",14-10-1980
Jane Williams,2.43783E+11,"547 Street, Kolkata",29-06-1956
Sarah Williams,1.00209E+11,"800 Lane, Chennai",02-10-1972
Emily Brown,7.23114E+11,"917 Avenue, Bangalore",16-11-1968
Emily Williams,7.91883E+11,"440 Avenue, Mumbai",09-12-1987
Jane Johnson,4.53321E+11,"918 Street, Kolkata",27-01-1983
Emily Jones,5.66752E+11,"930 Avenue, Mumbai",18-02-1982
Emily Brown,5.6767E+11,"940 Lane, Delhi",03-04-1971
Michael Williams,8.18015E+11,"629 Avenue, Kolkata",08-06-1963
Emily Johnson,19018880415,"512 Road, Kolkata",14-11-1998
John Jones,3.00392E+11,"982 Road, Mumbai",30-11-1984
Emily Jones,4.43739E+11,"497 Avenue, Kolkata",20-06-1953
Alex Jones,4.00291E+11,"320 Avenue, Chennai",12-09-1963
Michael Brown,2.50479E+11,"925 Road, Mumbai",28-12-1988
Alex Jones,2.67656E+11,"75 Street, Bangalore",12-04-1997
John Doe,4.30729E+11,"561 Avenue, Delhi",16-11-1954
Emily Smith,95830732872,"345 Street, Mumbai",10-11-2000
John Jones,3.51207E+11,"834 Street, Chennai",25-04-1973
Sarah Brown,4.31032E+11,"13 Street, Bangalore",19-12-1961
John Williams,1.04684E+11,"747 Street, Kolkata",07-03-1955
Emily Smith,75552468111,"886 Road, Chennai",14-06-1977
Sarah Williams,5.21971E+11,"315 Lane, Chennai",09-04-1958
Alex Johnson,8.55092E+11,"435 Road, Delhi",21-03-1966
Michael Smith,8.79983E+11,"464 Street, Kolkata",26-09-2003
John Johnson,5.77974E+11,"195 Avenue, Bangalore",29-04-1995
Jane Smith,1.04985E+11,"768 Avenue, Kolkata",21-03-1987
Emily Doe,6.82219E+11,"684 Lane, Mumbai",02-10-1958
Michael Smith,8.5201E+11,"268 Street, Chennai",04-02-1954
Jane Doe,4.46104E+11,"813 Road, Bangalore",24-04-1972
Sarah Smith,3.41312E+11,"287 Avenue, Delhi",09-06-1987
John Brown,5.41962E+11,"519 Lane, Bangalore",23-10-1997
Michael Jones,2.55861E+11,"35 Road, Mumbai",31-05-2000
Alex Brown,5.49324E+11,"686 Street, Delhi",28-09-1957
Emily Jones,2.6588E+11,"667 Street, Chennai",16-09-1966
Michael Smith,1.34329E+11,"185 Avenue, Kolkata",07-12-1999
John Jones,9.38924E+11,"991 Avenue, Mumbai",25-12-2000
Emily Smith,96206554708,"278 Street, Delhi",12-05-1978
Emily Williams,7.6525E+11,"227 Avenue, Chennai",02-07-1957
John Williams,7.18129E+11,"359 Road, Kolkata",03-09-1993
Emily Brown,5.713E+11,"288 Road, Bangalore",22-02-1981
Emily Brown,7.8151E+11,"799 Lane, Kolkata",01-01-1980
Emily Smith,8.78203E+11,"896 Road, Kolkata",24-10-1977
Emily Johnson,4.20643E+11,"207 Road, Bangalore",06-12-1964
Sarah Jones,6.07134E+11,"325 Avenue, Mumbai",30-11-1998
Michael Williams,9.54644E+11,"98 Avenue, Bangalore",08-06-1957
Jane Williams,46031338436,"764 Lane, Mumbai",08-12-2000
Jane Jones,2.32021E+11,"329 Road, Mumbai",16-10-1989
Alex Jones,6.58875E+11,"188 Road, Bangalore",01-07-1968
Emily Jones,3.67433E+11,"667 Road, Kolkata",25-09-1962
Emily Brown,93336659257,"425 Avenue, Kolkata",30-12-1964
Michael Jones,5.14079E+11,"379 Lane, Delhi",12-03-1950
John Brown,5.07257E+11,"402 Lane, Delhi",19-09-1970
John Jones,2.79534E+11,"837 Lane, Mumbai",15-03-1980
Michael Doe,3.88342E+11,"662 Lane, Kolkata",13-05-1971
Jane Smith,9.4659E+11,"600 Road, Kolkata",03-12-1955
Michael Johnson,1.50962E+11,"630 Avenue, Kolkata",20-08-1989
Michael Jones,5.00341E+11,"164 Street, Kolkata",07-12-1952
Emily Doe,7.4696E+11,"217 Street, Chennai",12-01-1989
Jane Brown,6.37916E+11,"654 Lane, Delhi",28-09-1987
Emily Williams,7.23039E+11,"915 Road, Mumbai",05-09-1979
Alex Jones,1.45821E+11,"684 Street, Bangalore",10-06-1970
Emily Doe,4.85587E+11,"960 Avenue, Delhi",14-06-1968
Sarah Jones,4.90208E+11,"423 Street, Bangalore",21-06-1974
Alex Williams,2.17706E+11,"663 Road, Mumbai",15-09-1983
John Johnson,4.13844E+11,"679 Street, Bangalore",06-12-1957
Emily Johnson,4.20139E+11,"64 Lane, Bangalore",05-05-1987
Emily Williams,80559250766,"822 Road, Bangalore",06-03-1968
Emily Johnson,7.09288E+11,"661 Street, Bangalore",09-11-1957
John Williams,2.01593E+11,"1 Road, Kolkata",13-07-1951
Alex Williams,1.73245E+11,"114 Avenue, Chennai",12-06-1950
Jane Johnson,1.12406E+11,"529 Lane, Kolkata",08-12-1965
Alex Johnson,13954753393,"746 Road, Bangalore",01-02-1997
Sarah Jones,9.89883E+11,"360 Street, Chennai",28-11-1968
Alex Brown,8.91465E+11,"253 Avenue, Chennai",09-01-1994
Emily Doe,7.3755E+11,"246 Street, Kolkata",25-04-1985
John Jones,7.77014E+11,"204 Road, Chennai",06-04-1983
Alex Jones,2.96972E+11,"825 Avenue, Bangalore",02-08-1978
John Smith,2.11295E+11,"473 Road, Mumbai",01-05-1976
Michael Doe,3.68037E+11,"335 Street, Mumbai",28-10-1988
John Johnson,69934722222,"197 Road, Bangalore",11-06-1973
Alex Johnson,9.1694E+11,"307 Lane, Chennai",04-12-1973
Emily Johnson,1.79518E+11,"153 Avenue, Kolkata",04-04-1969
Emily Smith,65628660510,"318 Lane, Kolkata",15-08-1962
Alex Brown,4.81809E+11,"610 Lane, Bangalore",15-07-1982
Michael Brown,3.60404E+11,"277 Lane, Delhi",13-01-2002
John Doe,1.05821E+11,"146 Road, Kolkata",14-11-1973
Michael Johnson,1.101E+11,"358 Avenue, Delhi",10-11-1955
Michael Jones,5.21462E+11,"307 Road, Kolkata",10-09-1986
Emily Doe,7.98236E+11,"731 Road, Chennai",18-04-1997
John Brown,14598125165,"710 Street, Delhi",03-11-1995
John Jones,7.09869E+11,"508 Avenue, Delhi",18-08-1970
John Smith,4.03651E+11,"985 Avenue, Chennai",12-06-1978
Alex Brown,2.09849E+11,"669 Lane, Mumbai",24-08-1973
Michael Williams,6.78641E+11,"661 Street, Bangalore",05-10-1968
Alex Doe,42538173480,"555 Lane, Chennai",07-09-1975
Jane Jones,1.44796E+11,"162 Avenue, Mumbai",14-06-1999
John Johnson,8.70294E+11,"325 Avenue, Delhi",27-06-1972
Jane Doe,7.55437E+11,"767 Street, Bangalore",22-03-1983
Michael Doe,84323604954,"657 Street, Kolkata",19-03-1962
Sarah Smith,3.60261E+11,"631 Avenue, Chennai",28-05-1988
Emily Smith,4.33432E+11,"510 Avenue, Delhi",14-05-2003
Alex Jones,2.55261E+11,"467 Avenue, Bangalore",30-03-1968
John Williams,4.16237E+11,"643 Road, Kolkata",19-03-1975
Sarah Williams,6.2437E+11,"358 Street, Delhi",07-12-1954
Sarah Brown,1.05233E+11,"178 Avenue, Kolkata",23-04-1967
Alex Doe,8.8799E+11,"901 Road, Chennai",04-12-1990
Michael Johnson,7116810781,"112 Street, Delhi",02-12-1971
Emily Smith,4.43896E+11,"380 Road, Bangalore",15-02-1981
Alex Smith,5.4849E+11,"703 Avenue, Bangalore",21-06-1970
John Johnson,3.41089E+11,"27 Road, Delhi",04-07-1988
Jane Jones,1.55939E+11,"330 Road, Delhi",27-10-2000
John Jones,6.29565E+11,"133 Road, Chennai",18-04-1975
Sarah Johnson,1.62441E+11,"592 Lane, Bangalore",18-04-1975
Jane Jones,9.75113E+11,"715 Road, Delhi",22-08-1970
Emily Williams,3.12366E+11,"19 Lane, Delhi",12-10-1964
Michael Williams,5.62839E+11,"705 Avenue, Kolkata",16-01-1972
Emily Doe,9.35108E+11,"480 Avenue, Mumbai",04-08-1996
Michael Jones,3.9887E+11,"545 Avenue, Bangalore",16-01-1958
John Doe,6.97037E+11,"131 Avenue, Mumbai",16-05-1965
Jane Doe,7.37061E+11,"659 Road, Kolkata",04-03-1963
Alex Doe,54572468308,"193 Street, Chennai",12-05-1965
Alex Jones,9.17177E+11,"153 Lane, Mumbai",30-05-1956
Alex Doe,8.65653E+11,"665 Street, Chennai",01-09-1966
Emily Smith,1.46831E+11,"578 Street, Bangalore",09-01-1967
Sarah Smith,3.97572E+11,"928 Road, Delhi",16-11-1971
Emily Doe,1.03973E+11,"76 Lane, Kolkata",27-06-1982
Michael Doe,7.58588E+11,"344 Road, Bangalore",20-08-1953
John Williams,4.77455E+11,"86 Road, Delhi",09-07-2002
Jane Jones,6.35161E+11,"33 Road, Chennai",11-09-1957
John Jones,13757085006,"332 Road, Delhi",18-07-1991
Alex Williams,4.14161E+11,"438 Lane, Chennai",07-06-1980
Alex Doe,8.02103E+11,"722 Street, Chennai",14-07-1959
John Jones,1.07515E+11,"122 Lane, Delhi",11-03-1966
John Doe,2.55369E+11,"337 Street, Chennai",28-09-1975
Sarah Brown,6.69885E+11,"558 Avenue, Delhi",29-09-1952
John Doe,8.39383E+11,"77 Road, Bangalore",18-03-1957
Michael Williams,85854042260,"320 Road, Chennai",18-10-1975
Alex Williams,3.75434E+11,"791 Street, Chennai",31-12-1978
John Williams,82273734989,"243 Street, Delhi",19-04-1995
Sarah Jones,3.79019E+11,"756 Road, Mumbai",22-08-1952
John Johnson,2.90463E+11,"516 Road, Delhi",13-11-2002
Michael Jones,4.60229E+11,"166 Street, Kolkata",03-01-1994
Jane Doe,9.60252E+11,"81 Lane, Chennai",25-06-1969
Sarah Jones,9.14725E+11,"799 Avenue, Mumbai",15-07-1977
Alex Smith,5.64083E+11,"963 Avenue, Mumbai",12-03-2000
John Doe,1.87083E+11,"407 Lane, Chennai",30-11-1971
Sarah Doe,5.35634E+11,"847 Avenue, Bangalore",06-05-1965
Michael Doe,2.95564E+11,"855 Street, Chennai",27-02-1970
John Johnson,3.70022E+11,"920 Street, Mumbai",27-07-1979
Jane Brown,5.35877E+11,"130 Lane, Bangalore",10-01-1972
John Doe,89758781349,"473 Avenue, Kolkata",17-05-1975
Alex Williams,2073104039,"450 Avenue, Bangalore",17-07-1988
Jane Doe,8.51686E+11,"641 Street, Mumbai",12-05-1958
John Smith,4.62778E+11,"491 Street, Delhi",11-11-1950
Michael Doe,21549681195,"674 Street, Delhi",14-06-2003
Sarah Johnson,9.15595E+11,"829 Avenue, Mumbai",16-02-1963
Alex Jones,7.92571E+11,"850 Lane, Bangalore",19-01-1952
Sarah Jones,3.79951E+11,"464 Street, Bangalore",02-12-1966
Alex Smith,92523666935,"501 Avenue, Kolkata",08-01-1955
Emily Doe,5.99854E+11,"54 Avenue, Delhi",28-09-1953
Emily Jones,4.17978E+11,"79 Lane, Delhi",01-09-1969
Michael Brown,3.3642E+11,"599 Lane, Mumbai",14-05-1988
Jane Williams,5.64558E+11,"182 Lane, Mumbai",09-05-1952
Sarah Johnson,6.23859E+11,"324 Street, Mumbai",05-01-1979
Michael Williams,4.52365E+11,"832 Avenue, Mumbai",19-07-1970
Jane Johnson,5.95374E+11,"489 Street, Bangalore",09-10-1975
Jane Jones,4.58323E+11,"414 Road, Delhi",06-02-1976
Alex Williams,1.0152E+11,"232 Street, Delhi",04-02-1983
Alex Smith,5.52648E+11,"328 Lane, Mumbai",04-09-1971
Jane Brown,5.12681E+11,"866 Lane, Bangalore",18-01-2003
Emily Smith,7.53838E+11,"288 Avenue, Kolkata",28-08-1985
Alex Doe,7.96607E+11,"392 Street, Bangalore",30-01-1981
John Johnson,2.36016E+11,"723 Street, Kolkata",16-05-2000
Michael Brown,1.54937E+11,"578 Street, Chennai",02-08-1975
Alex Williams,8.91508E+11,"920 Avenue, Mumbai",13-06-1998
Jane Doe,9.04211E+11,"321 Lane, Bangalore",04-08-1951
Emily Brown,4.45622E+11,"433 Street, Delhi",24-03-1956
John Williams,6.30978E+11,"404 Street, Kolkata",23-09-1985
Jane Doe,8.68835E+11,"664 Street, Mumbai",07-12-1992
John Smith,8.71868E+11,"209 Avenue, Bangalore",01-12-1969
Emily Williams,2.62306E+11,"161 Road, Chennai",29-10-1978
Michael Brown,2.96268E+11,"117 Road, Kolkata",27-07-1967
Jane Smith,8.56071E+11,"132 Avenue, Chennai",09-05-1952
Alex Jones,42464641846,"977 Lane, Mumbai",08-06-2003
Jane Jones,8.33305E+11,"266 Street, Bangalore",14-07-1959
John Williams,4.28792E+11,"74 Street, Delhi",17-03-1960
Jane Williams,5.81266E+11,"661 Road, Chennai",16-06-1998
Michael Doe,7.62668E+11,"107 Street, Chennai",10-02-1971
Michael Johnson,25230251077,"972 Avenue, Kolkata",27-03-1961
Alex Brown,6.87339E+11,"468 Street, Chennai",22-10-1971
Jane Smith,61164088807,"803 Lane, Chennai",10-11-1969
Michael Williams,7.60964E+11,"365 Street, Delhi",15-10-1951
Sarah Smith,4.23239E+11,"771 Lane, Mumbai",08-03-1958
John Doe,6.1583E+11,"596 Avenue, Delhi",11-11-1954
Sarah Williams,9.32751E+11,"765 Street, Kolkata",30-06-1967
Emily Doe,7.05089E+11,"108 Lane, Chennai",27-04-1953
Emily Smith,80290605849,"934 Lane, Bangalore",13-04-1984
Emily Brown,2.05271E+11,"264 Lane, Kolkata",16-06-1950
John Smith,7.31082E+11,"907 Road, Mumbai",26-02-1986
Alex Jones,1.37769E+11,"620 Street, Chennai",27-01-1969
Alex Doe,37057775863,"466 Road, Chennai",29-01-1988
Sarah Jones,9.13335E+11,"346 Lane, Chennai",14-08-1969
John Johnson,74778815961,"875 Lane, Chennai",28-06-1980
Emily Williams,7.56201E+11,"749 Street, Mumbai",25-02-1955
John Williams,4.6384E+11,"93 Lane, Mumbai",17-07-1952
Michael Smith,72749566789,"38 Street, Chennai",12-08-1979
Michael Johnson,30156912033,"547 Lane, Kolkata",02-11-1996
John Doe,6.98937E+11,"13 Street, Bangalore",19-08-1955
Alex Brown,8.13166E+11,"856 Street, Mumbai",29-06-1999
Sarah Doe,50235925147,"337 Lane, Mumbai",11-07-2000
Alex Jones,5.79745E+11,"400 Road, Chennai",29-05-1978
Emily Doe,82251120520,"491 Avenue, Delhi",10-12-1962
Alex Brown,4.8328E+11,"554 Lane, Kolkata",18-01-1989
Michael Brown,1.23381E+11,"489 Street, Kolkata",24-09-1972
Alex Doe,8.23399E+11,"688 Street, Bangalore",31-01-1965
Michael Doe,4.14102E+11,"584 Lane, Mumbai",13-07-1982
Jane Williams,58138810401,"102 Lane, Chennai",13-10-1981
John Jones,248872107,"907 Road, Mumbai",16-12-1990
Sarah Doe,3.20155E+11,"418 Lane, Mumbai",06-01-1962
Jane Jones,2.89133E+11,"454 Street, Mumbai",07-03-1995
John Jones,1.07149E+11,"895 Avenue, Bangalore",06-04-1979
John Doe,5.92231E+11,"957 Street, Chennai",21-08-1999
Emily Williams,5.82561E+11,"341 Avenue, Kolkata",15-04-1964
Emily Brown,9.83599E+11,"740 Avenue, Mumbai",11-11-1971
Michael Jones,97625774977,"382 Road, Kolkata",12-01-1956
Sarah Smith,7.90126E+11,"70 Avenue, Bangalore",19-06-1984
Sarah Jones,4.36618E+11,"737 Lane, Bangalore",17-07-1971
Sarah Doe,6.51941E+11,"759 Avenue, Bangalore",26-01-1988
Sarah Williams,9.61372E+11,"51 Road, Bangalore",21-09-1970
Sarah Doe,2.31585E+11,"445 Lane, Delhi",07-06-1974
Sarah Doe,2.96744E+11,"978 Street, Kolkata",01-11-1985
Jane Johnson,4.16088E+11,"249 Road, Bangalore",21-08-1961
John Brown,8.9565E+11,"155 Road, Kolkata",01-06-1963
Jane Smith,3.80025E+11,"994 Avenue, Bangalore",17-03-1995
Sarah Brown,6.24783E+11,"220 Avenue, Mumbai",05-11-1965
Jane Jones,8.70342E+11,"942 Road, Bangalore",03-08-1978
Sarah Williams,66418273134,"727 Avenue, Delhi",08-02-1964
John Williams,6.43726E+11,"69 Road, Kolkata",16-09-1972
Sarah Smith,62206141656,"236 Avenue, Mumbai",04-08-2003
Jane Doe,4.83711E+11,"417 Road, Delhi",01-07-2000
Michael Williams,54241815031,"642 Road, Mumbai",29-02-1968
Alex Smith,4.19617E+11,"649 Street, Bangalore",06-05-1967
Michael Brown,6.28155E+11,"821 Avenue, Mumbai",19-12-1993
Emily Williams,5446982893,"137 Road, Chennai",24-05-1985
Sarah Johnson,5.33972E+11,"705 Avenue, Mumbai",17-01-1981
John Jones,3.5743E+11,"735 Road, Chennai",14-09-1998
Emily Jones,1.79106E+11,"454 Lane, Chennai",27-04-1951
Alex Jones,4.67338E+11,"77 Avenue, Chennai",15-05-1981
Jane Williams,8.92364E+11,"966 Avenue, Mumbai",24-09-1971
John Johnson,8.10427E+11,"362 Street, Kolkata",29-05-1953
Alex Smith,3.26194E+11,"558 Avenue, Mumbai",09-09-1991
John Smith,3.3946E+11,"114 Street, Bangalore",02-07-1983
Emily Johnson,3.82479E+11,"265 Street, Bangalore",24-08-1971
Alex Smith,4.56093E+11,"639 Road, Mumbai",12-07-1973
John Johnson,3.81989E+11,"559 Road, Chennai",30-03-1990
Emily Williams,6.20323E+11,"992 Lane, Bangalore",16-04-1956
Michael Jones,4.73377E+11,"679 Road, Bangalore",27-09-1956
Michael Williams,6.5622E+11,"776 Lane, Delhi",28-07-1962
Michael Brown,7.48497E+11,"596 Street, Mumbai",13-01-2000
Emily Williams,1.40281E+11,"371 Road, Mumbai",08-09-1957
Sarah Williams,4.27832E+11,"69 Street, Mumbai",31-10-1956
Emily Johnson,7.36643E+11,"684 Avenue, Mumbai",20-07-1999
John Doe,71750563892,"65 Avenue, Bangalore",13-08-1976
Sarah Jones,5.66719E+11,"38 Lane, Bangalore",19-12-1993
Michael Doe,8.49452E+11,"270 Avenue, Delhi",02-12-1980
John Jones,1.11274E+11,"49 Road, Bangalore",22-11-1957
Alex Jones,1.35844E+11,"153 Lane, Mumbai",16-05-1966
John Jones,5.57135E+11,"740 Avenue, Kolkata",01-02-2001
Michael Smith,6.37416E+11,"313 Avenue, Mumbai",27-03-1994
Jane Smith,7.63011E+11,"200 Street, Delhi",10-08-1998
Emily Johnson,1.28037E+11,"590 Street, Mumbai",30-10-2001
John Jones,9.30565E+11,"396 Street, Delhi",01-02-2001
Emily Johnson,8.09613E+11,"741 Street, Chennai",04-06-1977
John Jones,3.91797E+11,"643 Lane, Mumbai",15-11-2000
Emily Doe,9.15561E+11,"214 Lane, Delhi",06-10-1962
Michael Johnson,5.19404E+11,"631 Street, Chennai",04-03-1988
Michael Jones,6.54045E+11,"712 Road, Mumbai",14-11-1976
Michael Williams,3.41002E+11,"664 Lane, Chennai",01-06-2002
Alex Williams,5.19793E+11,"376 Lane, Bangalore",07-07-2001
Alex Doe,6.38485E+11,"810 Lane, Mumbai",23-03-1969
Jane Brown,7.7025E+11,"300 Road, Delhi",30-12-1962
Michael Brown,8.31987E+11,"602 Road, Chennai",05-11-1971
Alex Smith,8.68091E+11,"277 Avenue, Chennai",19-12-1979
Alex Johnson,2.93839E+11,"641 Lane, Chennai",13-12-2002
Sarah Brown,4.34497E+11,"517 Road, Chennai",18-11-1966
Alex Williams,6.3183E+11,"83 Street, Mumbai",12-03-1965
Jane Brown,98380819491,"669 Lane, Bangalore",02-04-1950
Sarah Smith,9.53247E+11,"579 Street, Chennai",19-02-1974
Jane Smith,3.82226E+11,"622 Lane, Bangalore",30-04-1995
Jane Doe,9.54512E+11,"452 Avenue, Chennai",30-05-1978
Emily Jones,8.32845E+11,"745 Avenue, Kolkata",15-02-1999
Sarah Doe,1.54072E+11,"377 Street, Kolkata",09-03-1980
Sarah Jones,3.5885E+11,"46 Road, Kolkata",25-08-1961
Michael Doe,3.70002E+11,"675 Lane, Chennai",30-05-1956
Michael Smith,2.27009E+11,"109 Street, Delhi",19-06-2003
Michael Johnson,7.96766E+11,"402 Street, Kolkata",31-05-1977
Sarah Williams,5.78551E+11,"384 Lane, Bangalore",12-12-1981
Michael Brown,5.38259E+11,"884 Avenue, Kolkata",29-10-1961
Sarah Brown,5.83774E+11,"428 Avenue, Kolkata",06-10-1979
Emily Smith,9.7756E+11,"989 Avenue, Kolkata",15-04-1974
Alex Johnson,63596501383,"26 Road, Kolkata",12-05-2001
Alex Williams,4.2092E+11,"117 Street, Mumbai",15-07-1969
Sarah Brown,4.4289E+11,"337 Lane, Kolkata",25-09-1990
Michael Smith,4.28449E+11,"462 Lane, Mumbai",10-09-1974
Emily Jones,6.63201E+11,"804 Lane, Bangalore",29-09-1982
John Jones,9.61594E+11,"260 Road, Delhi",08-01-1982
Emily Johnson,16699573605,"103 Road, Bangalore",07-12-1999
John Jones,3.05051E+11,"963 Street, Bangalore",07-06-1988
Sarah Williams,1.35896E+11,"964 Road, Bangalore",24-04-1974
Jane Williams,2.58776E+11,"183 Street, Delhi",12-06-1993
Michael Williams,9.93064E+11,"164 Avenue, Bangalore",24-04-1972
Michael Doe,3.62882E+11,"67 Avenue, Chennai",15-10-1988
Sarah Brown,5.59963E+11,"542 Avenue, Mumbai",26-01-2003
Emily Johnson,1.59834E+11,"865 Avenue, Mumbai",23-05-1975
Michael Johnson,5.46565E+11,"377 Street, Bangalore",07-12-1991
Jane Doe,3.35172E+11,"891 Road, Kolkata",02-10-1993
Michael Williams,4.61199E+11,"291 Avenue, Mumbai",01-08-1962
John Smith,6.4517E+11,"736 Lane, Delhi",25-06-1971
Sarah Jones,6.90415E+11,"764 Lane, Delhi",13-03-2003
Alex Williams,6.34699E+11,"114 Lane, Delhi",05-05-1963
Sarah Johnson,9.72349E+11,"637 Road, Bangalore",31-07-1976
Jane Brown,3.96638E+11,"246 Road, Kolkata",23-07-1986
Michael Williams,9.09214E+11,"583 Lane, Kolkata",25-02-1954
Emily Smith,5.83722E+11,"985 Lane, Delhi",28-11-1982
Alex Brown,6.80902E+11,"219 Street, Delhi",16-05-1950
Sarah Doe,1.49373E+11,"128 Street, Chennai",17-07-1986
Michael Williams,5.80328E+11,"129 Street, Delhi",21-05-1960
Michael Smith,3.84211E+11,"771 Street, Chennai",23-04-1976
Alex Doe,41188820252,"7 Street, Kolkata",13-06-1984
Michael Williams,5.58013E+11,"462 Avenue, Bangalore",10-01-1992
Jane Williams,7.42933E+11,"822 Road, Mumbai",12-01-1980
Alex Smith,7.06986E+11,"453 Road, Chennai",21-08-1971
Jane Williams,7.79563E+11,"152 Street, Mumbai",01-05-1950
Michael Williams,5.35331E+11,"627 Lane, Kolkata",03-01-1957
Jane Brown,4.8123E+11,"739 Street, Bangalore",07-03-1998
John Jones,6.01398E+11,"681 Street, Mumbai",29-04-1976
Emily Doe,2.11417E+11,"61 Road, Kolkata",19-08-1988
Sarah Williams,1.50414E+11,"740 Street, Kolkata",07-04-1980
Jane Doe,5651276651,"156 Street, Delhi",23-01-1980
Jane Smith,3.47495E+11,"993 Road, Delhi",08-05-1969
Sarah Johnson,1.58437E+11,"866 Road, Bangalore",07-03-1991
Emily Brown,5.66788E+11,"378 Road, Kolkata",15-11-2002
Sarah Jones,5.002E+11,"31 Lane, Bangalore",13-12-1997
Jane Johnson,44202928866,"443 Street, Mumbai",18-04-1983
Jane Williams,8.08437E+11,"163 Street, Mumbai",08-05-1952
Sarah Williams,262751021,"696 Avenue, Delhi",06-06-1978
Michael Williams,4.09542E+11,"790 Street, Bangalore",24-03-1999
Emily Williams,5.81366E+11,"327 Road, Chennai",05-10-2002
Sarah Williams,3.5802E+11,"646 Avenue, Delhi",29-03-1951
Jane Jones,8.59717E+11,"983 Road, Delhi",16-03-1953
Emily Jones,4.16862E+11,"538 Avenue, Bangalore",28-08-1993
Michael Williams,7.19644E+11,"140 Street, Kolkata",17-10-1988
Michael Smith,7.12711E+11,"80 Road, Mumbai",25-08-1960
Emily Johnson,9.9481E+11,"901 Avenue, Delhi",11-11-1970
Alex Smith,5.98708E+11,"118 Street, Mumbai",12-09-2002
Sarah Johnson,4.10845E+11,"751 Road, Bangalore",17-02-2001
John Smith,2.59605E+11,"372 Road, Delhi",09-03-1986
John Smith,4.31013E+11,"627 Street, Kolkata",08-04-1989
John Doe,9.6132E+11,"763 Road, Delhi",17-07-1950
Michael Brown,2.45752E+11,"246 Lane, Bangalore",24-10-1973
Jane Brown,9.21572E+11,"300 Street, Kolkata",18-12-1958
Michael Brown,43971506399,"378 Lane, Mumbai",13-12-1962
Emily Johnson,4.80361E+11,"39 Road, Bangalore",28-08-1984
Jane Williams,8.12479E+11,"509 Lane, Bangalore",31-05-1972
Jane Smith,5.22273E+11,"513 Avenue, Kolkata",20-10-1996
John Johnson,4.52345E+11,"138 Street, Kolkata",30-11-1971
Michael Brown,1.90667E+11,"707 Road, Bangalore",28-11-1991
Sarah Jones,4.20518E+11,"580 Street, Kolkata",28-08-1987
Sarah Williams,3.8823E+11,"820 Road, Bangalore",02-03-1991
Michael Williams,1.614E+11,"243 Street, Chennai",29-01-1984
John Doe,5.2375E+11,"654 Road, Delhi",05-09-1991
Sarah Williams,2.56595E+11,"650 Lane, Mumbai",02-08-1951
Emily Smith,4350131585,"221 Avenue, Chennai",15-02-1987
Sarah Doe,1.39141E+11,"989 Lane, Kolkata",07-10-1967
Jane Jones,3.50269E+11,"103 Road, Chennai",19-12-1982
Alex Doe,8.97519E+11,"558 Avenue, Delhi",13-04-1987
Emily Williams,1.82099E+11,"696 Avenue, Chennai",29-01-1999
John Smith,2.23417E+11,"392 Street, Delhi",17-05-1982
Emily Johnson,5.89705E+11,"670 Street, Mumbai",18-05-1979
John Brown,5.72959E+11,"847 Lane, Bangalore",28-05-1986
Alex Smith,2.23943E+11,"338 Lane, Delhi",29-03-1955
Sarah Johnson,2.43292E+11,"75 Lane, Chennai",25-06-1954
John Williams,1.53751E+11,"522 Street, Chennai",15-05-2000
Emily Doe,6.78649E+11,"530 Lane, Kolkata",04-08-1996
Alex Smith,5.5104E+11,"135 Lane, Mumbai",07-06-1954
John Johnson,3.41686E+11,"728 Avenue, Delhi",17-12-1967
Alex Jones,4.83107E+11,"245 Lane, Bangalore",20-05-2002
Jane Smith,4.44655E+11,"504 Lane, Mumbai",05-04-1982
Sarah Smith,8.7738E+11,"809 Lane, Bangalore",16-05-1984
Michael Williams,6.65171E+11,"619 Avenue, Bangalore",04-06-1999
Alex Smith,4.62162E+11,"385 Road, Chennai",04-01-1957
Jane Brown,1.49787E+11,"429 Road, Chennai",11-09-1952
John Doe,1.79126E+11,"969 Road, Bangalore",15-05-1978
Michael Doe,6.47467E+11,"669 Avenue, Kolkata",18-03-1967
Michael Doe,5.8304E+11,"265 Avenue, Chennai",12-10-1966
John Williams,1.3234E+11,"430 Road, Delhi",14-04-1981
Michael Doe,6.53094E+11,"339 Lane, Bangalore",14-10-1971
Sarah Jones,6.59451E+11,"700 Street, Kolkata",12-10-1955
John Smith,9.59715E+11,"935 Avenue, Bangalore",02-09-1978
Jane Brown,3.4099E+11,"638 Avenue, Chennai",20-01-1970
John Jones,3.37309E+11,"472 Road, Bangalore",20-07-1951
John Brown,7.85718E+11,"788 Avenue, Mumbai",12-11-1955
Emily Johnson,9.17624E+11,"34 Street, Delhi",24-04-1994
John Johnson,2.6556E+11,"102 Road, Kolkata",30-07-1982
Alex Brown,7.90719E+11,"675 Street, Mumbai",21-04-1952
John Williams,6.76495E+11,"189 Street, Bangalore",03-02-1994
Alex Doe,1.61995E+11,"874 Lane, Mumbai",03-04-1955
John Williams,5.30905E+11,"129 Road, Delhi",18-09-1959
Sarah Jones,7.79559E+11,"645 Road, Kolkata",26-06-1958
Sarah Brown,2.65677E+11,"298 Street, Bangalore",01-10-1983
Alex Johnson,4.59117E+11,"249 Street, Bangalore",13-08-1961
Michael Jones,9.9419E+11,"700 Lane, Chennai",19-04-1978
Jane Smith,42028729358,"860 Avenue, Delhi",18-02-1972
Michael Jones,4.29652E+11,"917 Avenue, Bangalore",14-01-1958
Jane Smith,9.63355E+11,"395 Lane, Delhi",16-06-1988
John Smith,31795884140,"319 Lane, Kolkata",16-01-1993
Sarah Brown,1.93232E+11,"224 Road, Kolkata",19-02-1989
Sarah Brown,1.20758E+11,"336 Lane, Kolkata",29-01-2000
Sarah Williams,8.00584E+11,"396 Road, Mumbai",06-06-1965
Emily Johnson,9.23373E+11,"908 Road, Bangalore",12-08-1968
Sarah Brown,7.02481E+11,"635 Lane, Chennai",26-10-1986
Sarah Williams,6.887E+11,"941 Lane, Mumbai",18-12-1972
Jane Doe,8.83767E+11,"712 Avenue, Bangalore",18-12-1951
Alex Smith,15692008003,"601 Street, Bangalore",19-10-2002
Jane Williams,2.35092E+11,"293 Lane, Mumbai",10-12-1952
Michael Jones,4.2561E+11,"294 Road, Kolkata",01-02-1968
Michael Smith,8.02319E+11,"54 Avenue, Bangalore",23-03-1954
Michael Jones,5.70483E+11,"175 Lane, Delhi",29-06-1962
Sarah Doe,3.18144E+11,"671 Road, Delhi",23-12-2001
Jane Doe,9.47495E+11,"161 Road, Chennai",05-03-1996
Jane Johnson,2.78658E+11,"80 Road, Delhi",11-06-1999
John Williams,5.9661E+11,"746 Street, Bangalore",13-02-1993
Alex Brown,8.67892E+11,"91 Street, Chennai",20-03-2001
Jane Doe,2.71062E+11,"713 Street, Delhi",31-08-1971
Emily Brown,6.41098E+11,"437 Street, Chennai",01-06-1962
Emily Doe,3.20617E+11,"56 Street, Mumbai",14-04-1973
Michael Brown,1.27416E+11,"935 Avenue, Mumbai",09-11-1981
Michael Johnson,2.31117E+11,"910 Lane, Kolkata",30-08-1986
Jane Smith,68265324708,"519 Avenue, Kolkata",18-07-1972
Alex Doe,4.52547E+11,"565 Road, Kolkata",13-08-1973
Alex Doe,1.06065E+11,"245 Road, Mumbai",04-11-1955
Michael Doe,5784501990,"896 Avenue, Bangalore",09-08-1976
Sarah Williams,3.41376E+11,"427 Lane, Kolkata",20-07-1987
Sarah Johnson,69681989627,"966 Road, Kolkata",24-08-1969
John Doe,8.07482E+11,"546 Street, Mumbai",29-09-1979
Sarah Jones,5.428E+11,"860 Road, Mumbai",07-04-2003
Michael Brown,8.81066E+11,"483 Avenue, Mumbai",29-07-1987
Sarah Williams,7.85049E+11,"685 Street, Chennai",31-03-1974
John Johnson,5.13886E+11,"536 Street, Mumbai",18-01-1990
Emily Brown,4.42224E+11,"31 Avenue, Bangalore",05-07-1983
Emily Brown,7.9545E+11,"55 Road, Kolkata",29-12-1962
Jane Jones,8.88784E+11,"916 Street, Bangalore",10-09-1962
John Johnson,1.44181E+11,"439 Lane, Bangalore",29-11-1975
John Doe,6.22183E+11,"857 Lane, Mumbai",21-04-1963
Sarah Doe,9.53883E+11,"931 Avenue, Mumbai",26-05-1995
Sarah Johnson,16234140955,"247 Road, Chennai",03-06-1971
John Williams,6.7158E+11,"101 Street, Chennai",16-02-1966
Michael Williams,71418707149,"821 Street, Mumbai",22-01-1988
Michael Jones,5.19672E+11,"744 Avenue, Delhi",05-11-2002
John Brown,6.56732E+11,"143 Road, Mumbai",22-04-1951
Jane Smith,9.77506E+11,"469 Road, Kolkata",04-05-1969
Sarah Smith,8.59052E+11,"971 Street, Mumbai",27-10-1996
Alex Johnson,2.11328E+11,"934 Lane, Chennai",26-10-1991
Jane Doe,30362818973,"369 Lane, Delhi",01-03-1972
Sarah Brown,5.6287E+11,"533 Street, Mumbai",13-12-1950
Emily Jones,26960979939,"853 Street, Bangalore",18-12-1977
Emily Smith,7.04476E+11,"817 Avenue, Mumbai",10-04-1958
Alex Williams,7.40688E+11,"259 Lane, Mumbai",18-11-1976
Sarah Williams,23381145062,"728 Avenue, Delhi",22-07-1962
Alex Brown,5.81279E+11,"363 Road, Chennai",01-12-1990
John Doe,7.47524E+11,"675 Lane, Delhi",21-05-1984
John Smith,1.54337E+11,"562 Street, Kolkata",23-03-1964
John Smith,7.46334E+11,"548 Street, Bangalore",30-11-1986
Emily Smith,5.4387E+11,"185 Street, Chennai",18-10-1953
Emily Johnson,46162091239,"600 Avenue, Mumbai",28-01-1959
Alex Williams,6.02325E+11,"941 Road, Delhi",19-11-1998
Emily Brown,8.47342E+11,"297 Lane, Kolkata",23-02-1959
Emily Williams,7.39417E+11,"653 Street, Bangalore",23-07-1970
Sarah Jones,4.51621E+11,"357 Road, Mumbai",12-05-1999
Jane Brown,3.34763E+11,"717 Road, Mumbai",03-12-1971
John Doe,5.40181E+11,"685 Road, Kolkata",18-09-1997
Alex Doe,2.46508E+11,"132 Lane, Kolkata",17-03-1952
Jane Doe,6.61874E+11,"93 Avenue, Chennai",18-09-1979
John Doe,50447046394,"568 Avenue, Mumbai",17-01-1962
Alex Johnson,9.6462E+11,"723 Lane, Bangalore",10-05-1955
Jane Williams,5.00759E+11,"951 Lane, Kolkata",24-09-2003
Michael Brown,18243254046,"37 Street, Chennai",02-06-1962
Alex Brown,4.97934E+11,"335 Avenue, Chennai",16-05-1960
Michael Doe,3.62105E+11,"176 Street, Mumbai",19-06-1978
Alex Williams,9.97264E+11,"636 Street, Chennai",17-10-1992
Michael Doe,59061621605,"885 Lane, Bangalore",13-01-1997
Alex Jones,9.42074E+11,"464 Avenue, Delhi",21-07-1951
Emily Brown,5.43026E+11,"979 Avenue, Chennai",01-09-1982
John Williams,1.45069E+11,"488 Lane, Kolkata",03-12-1996
Sarah Smith,7.86828E+11,"407 Road, Delhi",16-06-1975
Michael Johnson,6.46409E+11,"232 Lane, Kolkata",12-07-1954
Sarah Smith,6.90271E+11,"67 Road, Mumbai",30-06-1994
Michael Johnson,6.02022E+11,"251 Road, Kolkata",19-11-2002
Sarah Johnson,8.52658E+11,"402 Street, Mumbai",16-07-1952
Michael Brown,2.49365E+11,"485 Avenue, Mumbai",01-09-1968
Michael Jones,6.53915E+11,"328 Lane, Chennai",18-03-1995
Jane Williams,4.33003E+11,"957 Road, Chennai",04-10-1982
Sarah Doe,9.56333E+11,"183 Lane, Bangalore",19-12-1954
Jane Williams,41059567849,"786 Avenue, Kolkata",09-04-1994
Emily Johnson,5.43907E+11,"352 Road, Bangalore",17-11-1963
Michael Doe,2.3206E+11,"392 Road, Delhi",26-04-1961
Jane Brown,9.25708E+11,"396 Lane, Chennai",11-12-1972
Emily Brown,9.85298E+11,"363 Lane, Mumbai",01-12-1975
Emily Jones,3.65545E+11,"471 Lane, Chennai",15-06-1985
Jane Williams,2.99558E+11,"86 Lane, Bangalore",05-10-1989
Michael Williams,1.31599E+11,"155 Road, Bangalore",23-03-1968
Sarah Johnson,4.27068E+11,"528 Street, Delhi",26-11-1978
Sarah Johnson,1.01838E+11,"483 Avenue, Bangalore",10-04-1993
Jane Johnson,8.21293E+11,"539 Avenue, Mumbai",12-01-1956
Jane Smith,9.24533E+11,"870 Street, Mumbai",11-02-1972
Jane Brown,3.60306E+11,"727 Lane, Mumbai",11-08-1979
Michael Brown,23186275157,"439 Street, Mumbai",06-09-1991
Jane Doe,6.82858E+11,"487 Road, Kolkata",12-11-1978
Sarah Brown,85211937763,"444 Street, Delhi",15-11-1966
Sarah Johnson,4.84063E+11,"121 Road, Kolkata",22-03-1996
John Jones,6.57859E+11,"654 Road, Bangalore",18-02-1992
Emily Jones,7.35363E+11,"100 Lane, Delhi",21-06-1958
John Brown,67781397227,"955 Avenue, Delhi",15-06-1963
Alex Brown,4.69327E+11,"762 Lane, Mumbai",16-11-1956
Michael Brown,2.52048E+11,"283 Street, Bangalore",03-07-1958
Sarah Doe,1.01158E+11,"385 Lane, Bangalore",12-07-1954
Emily Johnson,1.3176E+11,"642 Street, Delhi",27-05-2002
John Smith,9.21836E+11,"351 Street, Delhi",10-12-1952
Sarah Smith,77831489911,"211 Lane, Kolkata",29-04-1956
John Smith,5.69766E+11,"651 Street, Bangalore",17-04-1958
Michael Doe,3.03535E+11,"598 Avenue, Bangalore",22-07-1968
Michael Doe,1.97453E+11,"571 Road, Kolkata",30-05-1965
John Williams,69087679463,"488 Avenue, Kolkata",05-03-1962
John Jones,8.78768E+11,"711 Avenue, Delhi",12-03-1982
Sarah Williams,2.13474E+11,"253 Road, Mumbai",24-01-1996
Sarah Johnson,4.34275E+11,"448 Street, Delhi",12-04-1963
Michael Smith,4.1026E+11,"253 Road, Chennai",11-12-1964
Michael Smith,38103546523,"645 Avenue, Delhi",04-03-1996
Michael Johnson,2.01445E+11,"570 Avenue, Bangalore",14-04-1959
Emily Doe,23607594266,"689 Road, Bangalore",05-12-1970
Sarah Smith,7.29715E+11,"347 Street, Chennai",18-05-1958
John Brown,5.47803E+11,"297 Lane, Delhi",16-12-1954
John Smith,9.47323E+11,"145 Street, Delhi",26-05-1996
Michael Johnson,3.49247E+11,"793 Avenue, Chennai",29-05-1999
Michael Smith,9.19465E+11,"964 Street, Bangalore",15-01-1958
Alex Jones,28599101585,"644 Lane, Delhi",17-06-1979
Emily Smith,1.71359E+11,"293 Street, Delhi",06-10-1997
Emily Doe,2.24567E+11,"628 Road, Delhi",19-09-1977
Jane Williams,8.82559E+11,"811 Lane, Kolkata",17-09-1999
Emily Williams,1.92542E+11,"301 Avenue, Bangalore",18-11-1983
Sarah Jones,2707388999,"443 Street, Delhi",29-07-1982
Michael Williams,8.6248E+11,"940 Lane, Mumbai",13-12-1983
John Williams,2.67317E+11,"614 Avenue, Chennai",22-12-1955
John Brown,6.8861E+11,"988 Street, Delhi",13-10-2002
Michael Jones,6.57314E+11,"607 Street, Mumbai",05-02-1969
Michael Doe,6.42017E+11,"965 Road, Mumbai",17-06-1980
Michael Williams,8.1845E+11,"670 Street, Kolkata",25-11-1988
Michael Jones,8.47829E+11,"909 Street, Kolkata",25-07-2002
Michael Brown,3.8095E+11,"727 Avenue, Delhi",17-09-2002
John Brown,9.20967E+11,"327 Avenue, Mumbai",02-09-1999
Alex Williams,2.48941E+11,"405 Lane, Delhi",08-11-1950
John Williams,1.75952E+11,"303 Avenue, Kolkata",22-01-1964
Emily Williams,8.12959E+11,"65 Road, Bangalore",01-07-1952
Michael Brown,8.45716E+11,"374 Lane, Kolkata",05-08-1992
Emily Williams,2.26614E+11,"948 Avenue, Kolkata",11-03-1954
Jane Williams,4.15304E+11,"115 Avenue, Chennai",27-04-1957
Sarah Smith,2.44131E+11,"277 Avenue, Bangalore",10-05-1973
John Williams,7.88111E+11,"666 Avenue, Chennai",05-09-1965
Michael Doe,3.42797E+11,"959 Avenue, Delhi",18-10-1968
Sarah Smith,7.92141E+11,"583 Street, Bangalore",06-08-1965
Alex Johnson,6.67369E+11,"392 Street, Mumbai",23-11-1992
John Brown,6.97461E+11,"320 Lane, Bangalore",18-02-1990
Alex Smith,5.12518E+11,"579 Lane, Kolkata",19-05-1990
Sarah Doe,7.83007E+11,"680 Avenue, Delhi",26-04-1991
Michael Brown,5.57129E+11,"578 Street, Delhi",19-07-1951
Michael Williams,8.15031E+11,"659 Avenue, Chennai",14-01-1986
Sarah Doe,5.01648E+11,"748 Road, Delhi",10-02-1957
John Jones,6.72325E+11,"668 Avenue, Mumbai",25-12-1964
Sarah Smith,1.7274E+11,"123 Street, Bangalore",02-03-1992
Alex Johnson,5.45301E+11,"144 Street, Kolkata",14-12-1999
Emily Smith,4.0567E+11,"35 Street, Delhi",05-02-1952
John Smith,48692686886,"685 Street, Kolkata",04-06-1970
Michael Brown,4.04182E+11,"613 Street, Chennai",07-03-1977
Alex Jones,8.76459E+11,"998 Avenue, Delhi",19-01-1988
Alex Smith,6.78965E+11,"330 Lane, Kolkata",17-06-1997
Jane Doe,5.91462E+11,"550 Road, Bangalore",28-03-1979
Michael Doe,7.81585E+11,"108 Street, Kolkata",03-08-1984
Jane Brown,4.93278E+11,"464 Avenue, Kolkata",14-09-1977
Jane Smith,4.02372E+11,"948 Avenue, Kolkata",09-09-1991
Emily Brown,1.15801E+11,"943 Street, Kolkata",30-05-1954
Alex Williams,4.51072E+11,"644 Road, Kolkata",18-02-1978
John Williams,9.65207E+11,"710 Street, Chennai",24-06-1958
Alex Williams,9.25239E+11,"78 Lane, Delhi",27-05-1993
Sarah Smith,2.17372E+11,"813 Lane, Mumbai",18-09-1955
Sarah Jones,6.68145E+11,"862 Road, Mumbai",26-02-1998
Alex Jones,7.67996E+11,"41 Street, Chennai",10-06-1995
Emily Jones,9.32144E+11,"258 Avenue, Chennai",24-09-1976
John Jones,6.84589E+11,"766 Lane, Mumbai",09-03-1987
Michael Brown,9.76487E+11,"531 Street, Kolkata",13-02-1993
John Johnson,8.14168E+11,"981 Lane, Chennai",29-04-1993
Jane Jones,8.19049E+11,"463 Road, Mumbai",22-08-2003
Emily Smith,9.27166E+11,"754 Street, Delhi",28-08-1962
Alex Jones,9.79949E+11,"963 Street, Delhi",22-06-1985
Sarah Johnson,1.5665E+11,"306 Lane, Bangalore",03-06-1960
John Jones,3.84697E+11,"537 Lane, Bangalore",17-03-2001
John Johnson,1.48672E+11,"238 Road, Mumbai",24-12-1951
Jane Johnson,4.47986E+11,"310 Lane, Kolkata",07-01-1994
Jane Doe,6.49492E+11,"108 Street, Delhi",19-12-1950
Sarah Johnson,3.81027E+11,"281 Road, Delhi",05-08-1962
Emily Doe,9.35521E+11,"910 Lane, Chennai",17-10-1976
Sarah Johnson,5.17901E+11,"212 Road, Delhi",30-07-1963
Michael Doe,9.18166E+11,"285 Avenue, Chennai",20-07-1968
Sarah Johnson,26360337824,"652 Road, Kolkata",20-03-1989
Emily Doe,6.76075E+11,"422 Lane, Kolkata",09-06-1988
John Williams,6.44602E+11,"185 Avenue, Bangalore",28-02-1961
Michael Jones,7.91205E+11,"277 Street, Delhi",12-12-1980
Emily Jones,2.4691E+11,"957 Avenue, Chennai",25-06-1955
Michael Johnson,5.85363E+11,"820 Lane, Mumbai",02-12-1954
Alex Doe,8.84272E+11,"292 Road, Kolkata",08-02-1960
